ds,yhat,yhat_lower,yhat_upper,metric
2019-01-01,2381.415228339027,1411.7331459532907,3286.4939108353833,txn_count
2019-01-02,1844.0469617931399,985.8455986702936,2803.6151591982543,txn_count
2019-01-03,1904.6035368242979,982.5706325289526,2854.987911186587,txn_count
2019-01-04,1829.5096237624707,918.1873155582931,2782.524854447177,txn_count
2019-01-05,2363.128150111753,1530.5670463016745,3288.245857197777,txn_count
2019-01-06,2861.0344144257774,2014.7228744243123,3894.125390300309,txn_count
2019-01-07,2852.199922428045,1962.7940404556034,3776.075686132085,txn_count
2019-01-08,1492.4839802792162,609.522930341968,2434.395748750308,txn_count
2019-01-09,1038.2975653117003,124.65827572044408,2006.4469321503996,txn_count
2019-01-10,1186.2118737997368,264.2543370597386,2103.371104518623,txn_count
2019-01-11,1200.9225158421643,306.50102897012783,2160.5663968815425,txn_count
2019-01-12,1825.0874948821852,993.0600190939278,2748.088526774138,txn_count
2019-01-13,2412.6364566579928,1474.974638581291,3291.6181612214395,txn_count
2019-01-14,2490.98748787867,1557.007137145053,3370.156650746326,txn_count
2019-01-15,1214.568783368428,344.19952439854995,2117.2579456746494,txn_count
2019-01-16,838.5090671389835,-67.39265884356142,1756.9746951469144,txn_count
2019-01-17,1058.2686276380266,142.06851401891652,1972.4710312507436,txn_count
2019-01-18,1137.6215050765497,180.25018793900037,2073.4549771738416,txn_count
2019-01-19,1818.5066480514765,847.8792335134833,2758.888883448885,txn_count
2019-01-20,2454.345350652979,1491.849865663876,3348.5325464085395,txn_count
2019-01-21,2572.2611386288545,1538.783388072386,3540.883919927137,txn_count
2019-01-22,1326.599518689084,448.8365235590636,2209.1378359987243,txn_count
2019-01-23,972.6116295495585,23.473222924646848,1873.380520093585,txn_count
2019-01-24,1206.0739464236513,329.3177212266817,2086.0250127358236,txn_count
2019-01-25,1291.2549685640613,377.49196034139106,2141.9463139516733,txn_count
2019-01-26,1970.7471950876914,1025.7373470531213,2937.809096430068,txn_count
2019-01-27,2598.76224187127,1755.2364358713387,3528.661122171391,txn_count
2019-01-28,2703.325934829061,1742.8896447527102,3584.932452148616,txn_count
2019-01-29,1439.7714229989253,472.9137800921244,2300.826493762275,txn_count
2019-01-30,1064.3950697903106,166.95919538202665,1930.6964647241266,txn_count
2019-01-31,1274.0479789218878,383.45169474052875,2143.1186385017404,txn_count
2019-02-01,1334.074785416399,433.50551748491296,2269.9544483300065,txn_count
2019-02-02,1988.1186922924694,1166.8251779611858,2919.3399429118435,txn_count
2019-02-03,2591.3912390860073,1635.0430562993856,3599.7778874381243,txn_count
2019-02-04,2672.844214143518,1741.9282190212498,3545.301057673653,txn_count
2019-02-05,1388.6422553785098,482.15277005484216,2284.004783944879,txn_count
2019-02-06,995.8013494305651,44.051234383027655,1892.538920052975,txn_count
2019-02-07,1191.7663690050215,256.4890446457192,2077.7637106129137,txn_count
2019-02-08,1242.3395705933226,324.8449240882564,2165.152261486939,txn_count
2019-02-09,1891.4791469007414,975.5335182918736,2898.6899141304807,txn_count
2019-02-10,2494.566364645868,1620.2454994201923,3416.660184835738,txn_count
2019-02-11,2580.578640096134,1665.5300481607242,3447.6901031592606,txn_count
2019-02-12,1305.5669480353415,363.3384453371306,2219.053796025383,txn_count
2019-02-13,926.3025056869021,36.31754419626518,1838.5990958276939,txn_count
2019-02-14,1139.8656020693097,220.4205023579912,2079.0973492125822,txn_count
2019-02-15,1211.58805224763,275.3562583280751,2085.351033837514,txn_count
2019-02-16,1884.8679498271154,1020.620413768447,2726.420795607045,txn_count
2019-02-17,2514.4547525193016,1626.5032936962753,3449.149085836774,txn_count
2019-02-18,2628.641532967577,1663.170387024374,3488.027029545604,txn_count
2019-02-19,1382.7622554506804,485.4078425475773,2295.4468629805147,txn_count
2019-02-20,1032.8584840561816,124.69558235258894,1891.8945866710267,txn_count
2019-02-21,1275.2878703256577,311.14050799075324,2169.2076429083304,txn_count
2019-02-22,1374.6854037594694,449.914871732604,2290.8673325656155,txn_count
2019-02-23,2073.7956422770835,1181.5812681010561,3007.2844533973325,txn_count
2019-02-24,2726.773548057918,1750.2877466943053,3637.5287203237795,txn_count
2019-02-25,2861.39041393048,2005.461321738876,3789.1313299693284,txn_count
2019-02-26,1632.54245709959,809.9742260920169,2561.569551058175,txn_count
2019-02-27,1295.9262744835873,401.8159236910133,2180.754290731714,txn_count
2019-02-28,1547.6533707109456,623.5573581779358,2541.637446421315,txn_count
2019-03-01,1652.214681166652,702.9807751148472,2583.0655960903614,txn_count
2019-03-02,2352.3133198893684,1373.4828041160329,3198.2614973460823,txn_count
2019-03-03,3002.1632651593245,2026.8703711248397,3874.4857826064526,txn_count
2019-03-04,3129.690618877098,2327.6979836102228,4048.5558973632214,txn_count
2019-03-05,1890.0352310160824,917.26645526577,2779.6191765512494,txn_count
2019-03-06,1539.2171497184372,557.2032987360288,2447.6045106694487,txn_count
2019-03-07,1773.7404187041243,924.8600323396788,2690.4180303548096,txn_count
2019-03-08,1858.5454887633457,933.8586903681502,2798.995872654589,txn_count
2019-03-09,2536.828841469428,1645.1498977384078,3450.0033123144294,txn_count
2019-03-10,3163.3279188676347,2348.5076923820684,4060.34518813184,txn_count
2019-03-11,3266.5083768235413,2425.611076717288,4177.51419453604,txn_count
2019-03-12,2002.0518360083688,1067.2110203856357,2932.5346075329285,txn_count
2019-03-13,1626.5089321514529,640.9547961891992,2537.3028089896675,txn_count
2019-03-14,1836.8905326573213,813.409452864828,2743.4757091754836,txn_count
2019-03-15,1898.6086734358755,993.4653391003457,2756.5932767010268,txn_count
2019-03-16,2555.2860689724894,1668.7025608589186,3454.7052876507773,txn_count
2019-03-17,3162.032496132158,2251.0484204757386,4097.641832647371,txn_count
2019-03-18,3247.6252272385796,2345.8200171806943,4151.358203712123,txn_count
2019-03-19,1967.9917822872706,1069.5917224527989,2924.994645224994,txn_count
2019-03-20,1579.859868232654,680.7105022311348,2516.6805574195823,txn_count
2019-03-21,1780.3473549957343,822.3516076843523,2655.345673285406,txn_count
2019-03-22,1834.9037982713435,926.5513206573044,2778.972911728587,txn_count
2019-03-23,2487.122262570359,1630.5947402595132,3374.598996740811,txn_count
2019-03-24,3092.0196054691514,2133.7051654445777,4023.9080286392987,txn_count
2019-03-25,3178.222223234901,2248.1485945064264,4036.4327072454316,txn_count
2019-03-26,1901.455322999517,989.2450478216527,2858.633224971889,txn_count
2019-03-27,1518.2003624475665,608.2734672288889,2421.574672576157,txn_count
2019-03-28,1725.2932648051878,761.1912876311628,2643.548329887585,txn_count
2019-03-29,1787.8746696610524,825.4808650174067,2713.226473090555,txn_count
2019-03-30,2449.2107240125674,1554.9872217613818,3447.774468763899,txn_count
2019-03-31,3063.98233069087,2167.363445841468,3991.766918613044,txn_count
2019-04-01,3160.4796256526192,2255.021430364855,4111.898134203151,txn_count
2019-04-02,1894.0995380372663,984.6062041766671,2888.6153865343567,txn_count
2019-04-03,1521.0108870907884,592.3020255538726,2497.0845058881473,txn_count
2019-04-04,1737.7594643023908,864.0042168491102,2699.921692853463,txn_count
2019-04-05,1809.2242327011043,905.6468500823954,2723.6993509896256,txn_count
2019-04-06,2478.4430507795637,1588.1755299556526,3366.4588985818805,txn_count
2019-04-07,3099.905775943955,2240.191753551256,4047.7352292620753,txn_count
2019-04-08,3201.7514877055564,2294.243449909125,4144.532301741572,txn_count
2019-04-09,1939.2676863291952,1004.9305201193455,2883.249920664308,txn_count
2019-04-10,1568.5559517543302,690.408248318085,2453.5398152582165,txn_count
2019-04-11,1786.1365686164763,876.0211311891176,2692.357928792159,txn_count
2019-04-12,1856.9033298276258,930.7862634619636,2793.975225946768,txn_count
2019-04-13,2523.947025739315,1605.7795997272058,3449.694034399808,txn_count
2019-04-14,3141.8455880368547,2230.261028752438,4034.0993322498994,txn_count
2019-04-15,3238.8577505494477,2364.8412393123035,4127.258312132707,txn_count
2019-04-16,1970.4182246042355,1025.7606057260455,2902.5765642292868,txn_count
2019-04-17,1592.7989810111478,700.7250014451289,2498.754412698128,txn_count
2019-04-18,1802.709296622946,848.341863802558,2729.947778956305,txn_count
2019-04-19,1865.2458876114356,925.275108326264,2765.837540363464,txn_count
2019-04-20,2523.711750634108,1641.7253747983364,3491.41367107428,txn_count
2019-04-21,3132.9017804224063,2247.2008925719774,4002.5533311087224,txn_count
2019-04-22,3221.2921134193025,2254.066172486392,4165.541285799551,txn_count
2019-04-23,1944.5312525265654,961.4121732884856,2812.473752883287,txn_count
2019-04-24,1559.0976422433966,655.280978504989,2382.3386308787285,txn_count
2019-04-25,1761.8963654219747,842.3120774222193,2712.0321810162627,txn_count
2019-04-26,1818.2063176166594,909.7419254178978,2694.382631049992,txn_count
2019-04-27,2471.496485645225,1555.2030735499982,3401.1943665913445,txn_count
2019-04-28,3076.7093944683083,2180.7995825223315,3975.4816828065755,txn_count
2019-04-29,3162.448657418139,2308.354333569289,4087.2709352986303,txn_count
2019-04-30,1884.4686624767292,976.2159981787097,2783.0419845247097,txn_count
2019-05-01,1499.3310363677951,592.1317902954329,2459.8182064082225,txn_count
2019-05-02,1703.9995554786556,695.2890404155889,2503.658811697562,txn_count
2019-05-03,1763.7896888245596,852.216920697031,2648.7251665896124,txn_count
2019-05-04,2422.18165194348,1466.1896780002246,3411.8940704933634,txn_count
2019-05-05,3034.1047307496624,2089.642968011029,3972.8307823513724,txn_count
2019-05-06,3128.1249318698888,2237.412670295424,4039.573881307073,txn_count
2019-05-07,1859.9349519786679,989.7228423900353,2772.562775518618,txn_count
2019-05-08,1486.0111029920647,561.828038595523,2421.7596880792767,txn_count
2019-05-09,1703.2098366502955,773.094949433782,2593.5613058743484,txn_count
2019-05-10,1776.7152035746722,783.8065421876975,2685.3367460835034,txn_count
2019-05-11,2449.8558606118595,1492.917145732521,3419.391185666547,txn_count
2019-05-12,3077.3896864736453,2162.9131008502477,3977.4445462724225,txn_count
2019-05-13,3187.692945106395,2267.7420094980425,4085.70361521823,txn_count
2019-05-14,1936.252041469104,1029.004657726432,2840.742280356617,txn_count
2019-05-15,1579.322529267702,721.2982589967752,2504.8119930793914,txn_count
2019-05-16,1813.528033087844,905.5045585019724,2813.0070949118212,txn_count
2019-05-17,1903.8104326167281,1022.3862585929626,2831.11155470237,txn_count
2019-05-18,2593.24992701461,1655.963045270814,3530.7246612085823,txn_count
2019-05-19,3236.3529625635015,2319.300565173092,4157.051493749141,txn_count
2019-05-20,3361.2452970386926,2457.6458927480694,4217.470542573551,txn_count
2019-05-21,2123.167508243261,1244.5168611742552,3037.6809456124583,txn_count
2019-05-22,1778.1382650837247,823.5764952450324,2654.296286506942,txn_count
2019-05-23,2022.5576101427782,1137.718172950982,2948.3392284502374,txn_count
2019-05-24,2121.161597127611,1207.8890263270644,3044.2800436381904,txn_count
2019-05-25,2816.8468133162105,1965.2542615285438,3728.3956737450562,txn_count
2019-05-26,3463.962741402039,2452.0570255923103,4368.772330081744,txn_count
2019-05-27,3590.508773314849,2690.4599305174806,4494.961256851398,txn_count
2019-05-28,2351.6337740879035,1443.7462601761622,3277.425903517887,txn_count
2019-05-29,2003.3026914471538,1112.6798163500453,2934.9660119842856,txn_count
2019-05-30,2241.9026958673485,1323.6161281975972,3149.8304105892416,txn_count
2019-05-31,2332.2000117467533,1359.6167500767451,3234.178709057062,txn_count
2019-06-01,3017.165866170242,2136.5358438267417,3902.609785828039,txn_count
2019-06-02,3651.2694187553684,2763.6648164915237,4533.392222628378,txn_count
2019-06-03,3762.674410652101,2819.727617889317,4682.755551514833,txn_count
2019-06-04,2506.7373764171543,1609.4914734489164,3465.6354206481046,txn_count
2019-06-05,2139.665561155769,1193.8406517516419,3074.0495304612364,txn_count
2019-06-06,2358.1386323920738,1411.0610376737059,3213.9250685527727,txn_count
2019-06-07,2427.2421491637247,1563.3080694215482,3394.3881560018463,txn_count
2019-06-08,3090.294485964433,2143.6170682100988,4035.2619434318162,txn_count
2019-06-09,3702.133544683361,2794.9458259097846,4575.32737546683,txn_count
2019-06-10,3791.306422737316,2940.6574510102655,4666.529059436159,txn_count
2019-06-11,2513.5600159202636,1618.3637323341648,3488.7045349510677,txn_count
2019-06-12,2125.4971793912173,1159.785590805432,2965.2333431652823,txn_count
2019-06-13,2324.1711060595835,1377.5141699910032,3294.1831304802595,txn_count
2019-06-14,2375.029301610626,1484.746645414596,3305.949248218687,txn_count
2019-06-15,3021.7258420459025,2077.0731973291054,4022.7021835397054,txn_count
2019-06-16,3619.400071779196,2710.183421171655,4438.742106789543,txn_count
2019-06-17,3696.858803837591,2821.988832293592,4581.416435537842,txn_count
2019-06-18,2410.060210452559,1456.557233695697,3323.416030542037,txn_count
2019-06-19,2015.7642254351028,1111.563631042508,2887.008197182466,txn_count
2019-06-20,2211.1222976173513,1252.2227508964268,3146.989628767399,txn_count
2019-06-21,2261.6180309590864,1348.1323259879134,3246.143057987918,txn_count
2019-06-22,2910.8738923388596,1948.3891125300484,3846.3563236081895,txn_count
2019-06-23,3513.940398952873,2578.0347829886778,4462.876080904432,txn_count
2019-06-24,3599.4685821585426,2657.7384093430646,4504.666985084479,txn_count
2019-06-25,2323.200252173525,1389.6229843894828,3339.682141829789,txn_count
2019-06-26,1941.6226979293076,1005.7929787520247,2914.893216428654,txn_count
2019-06-27,2151.564223788629,1235.400438287683,3054.8338313660515,txn_count
2019-06-28,2218.1419467898545,1322.8725202001265,3202.8086359760223,txn_count
2019-06-29,2884.5805151799223,1933.8206708101802,3791.4998850477214,txn_count
2019-06-30,3505.4998100852354,2558.7314544961378,4435.8211066415315,txn_count
2019-07-01,3609.1085250452043,2691.3681610637823,4535.613858316454,txn_count
2019-07-02,2350.70157653511,1416.4015873468552,3244.1742020764123,txn_count
2019-07-03,1986.3258679709438,1105.6913947430044,2883.2554921417754,txn_count
2019-07-04,2212.3868902912686,1281.599150237605,3080.4001877612563,txn_count
2019-07-05,2293.6072893287974,1379.7961789965652,3173.734380050483,txn_count
2019-07-06,2972.855768615146,1977.8417122603626,3882.9805739666863,txn_count
2019-07-07,3604.44410678238,2684.389400540696,4487.751056828654,txn_count
2019-07-08,3716.32891921749,2796.8611468784284,4640.749843131437,txn_count
2019-07-09,2463.611346680577,1519.5181994499571,3370.3503502460117,txn_count
2019-07-10,2102.2216404599394,1234.5324274956656,3033.252082021279,txn_count
2019-07-11,2328.5156517276423,1397.422705784332,3263.5383679628376,txn_count
2019-07-12,2407.2395403807686,1563.2590825707996,3291.18644590419,txn_count
2019-07-13,3081.358344521115,2214.301810264363,4019.8817553633307,txn_count
2019-07-14,3705.3506992911452,2746.9943190917184,4549.101055524978,txn_count
2019-07-15,3807.406367332252,2915.5965220369503,4673.541335912669,txn_count
2019-07-16,2542.9243811521756,1596.9211518378634,3442.7526663085478,txn_count
2019-07-17,2168.176252468113,1234.9088783850889,3031.511131888302,txn_count
2019-07-18,2379.9067531119563,1484.2211226357404,3296.0952597603437,txn_count
2019-07-19,2443.283509555784,1606.6879386162282,3291.5683790366174,txn_count
2019-07-20,3101.7139801209128,2183.3593367322014,4084.1532557766545,txn_count
2019-07-21,3710.1278794122554,2808.8266072427723,4659.847251426806,txn_count
2019-07-22,3797.1620433599446,2893.1796325772616,4721.413221446404,txn_count
2019-07-23,2518.645881747408,1609.2590617842873,3415.660093987782,txn_count
2019-07-24,2131.2522259787834,1155.0003805444437,3036.1674170368183,txn_count
2019-07-25,2332.086425581566,1419.540827130423,3299.6011985752643,txn_count
2019-07-26,2386.624227461744,1473.356860649304,3263.6092158892498,txn_count
2019-07-27,3038.522534583411,2083.0975236155364,3949.4236407935236,txn_count
2019-07-28,3642.890956226618,2690.1039251121406,4553.770525070873,txn_count
2019-07-29,3728.47181305859,2770.4536364335017,4724.123303142748,txn_count
2019-07-30,2451.1217180580443,1571.8348619369226,3353.39651711102,txn_count
2019-07-31,2067.4607197825817,1184.7359070750344,2921.9756856386025,txn_count
2019-08-01,2274.461937957587,1283.8795423676443,3130.6293596375,txn_count
2019-08-02,2337.3932830509652,1368.2911167355117,3265.4557548254566,txn_count
2019-08-03,2999.630091805329,2106.7408178219225,4011.0746120528856,txn_count
2019-08-04,3615.9369106955564,2769.240547936814,4517.453886618555,txn_count
2019-08-05,3714.655486588056,2791.927604212669,4640.597343879994,txn_count
2019-08-06,2451.1970725618094,1452.5122217142855,3375.3614467155858,txn_count
2019-08-07,2081.7037124764825,1089.945598613983,2994.488519677323,txn_count
2019-08-08,2302.6511109394223,1374.9625760093393,3230.72213895733,txn_count
2019-08-09,2378.80432205644,1550.2573266941151,3275.7484533476013,txn_count
2019-08-10,3053.0447052427407,2188.708597033301,3906.880673189986,txn_count
2019-08-11,3679.6659817106174,2729.522094269117,4646.832457513402,txn_count
2019-08-12,3786.5760488097676,2901.0880913945475,4728.08490783631,txn_count
2019-08-13,2528.801427934469,1606.059174948812,3442.3114449790573,txn_count
2019-08-14,2162.1628233295323,1272.0798908331121,3128.649379890764,txn_count
2019-08-15,2382.8856744890068,1471.6698087558673,3356.3898915657933,txn_count
2019-08-16,2455.5650082200214,1528.7031085391552,3444.9988423147643,txn_count
2019-08-17,3122.99859295802,2263.8585467117186,4053.2800838659887,txn_count
2019-08-18,3739.4868672652165,2877.2172713744308,4719.520835971466,txn_count
2019-08-19,3833.036163418521,2921.2971125557924,4732.730233133484,txn_count
2019-08-20,2558.8628712749623,1636.3866411568688,3465.006720831305,txn_count
2019-08-21,2173.062832815381,1317.6978241427523,3131.6245110297,txn_count
2019-08-22,2372.218301884694,1438.604947632854,3305.4075552683094,txn_count
2019-08-23,2421.3535404132026,1455.7689308181225,3323.1881127397405,txn_count
2019-08-24,3063.7574531315586,2137.599513873703,3944.2380656160844,txn_count
2019-08-25,3654.2711664581548,2773.6181626547836,4474.03516245244,txn_count
2019-08-26,3721.477398580636,2818.994637796926,4606.28174324491,txn_count
2019-08-27,2421.189637542679,1482.1504661488825,3353.18258955028,txn_count
2019-08-28,2010.1058250979627,1147.7840613427989,2911.185253896592,txn_count
2019-08-29,2185.399312469211,1272.5905712360225,3138.7860188702675,txn_count
2019-08-30,2212.658536655765,1334.7111230428748,3197.617890280114,txn_count
2019-08-31,2835.694596711934,1905.844543391296,3750.6713370814973,txn_count
2019-09-01,3409.814399663793,2531.8881458197593,4315.723026262968,txn_count
2019-09-02,3463.9972961528283,2535.4380665538283,4438.560551628351,txn_count
2019-09-03,2154.373258115631,1258.3050837205217,3099.658715654044,txn_count
2019-09-04,1737.8676841062297,812.4206612034684,2647.642987673924,txn_count
2019-09-05,1911.7858623113116,957.7051422138638,2849.8420609721566,txn_count
2019-09-06,1941.748804970041,1063.2167804808853,2878.5111767238977,txn_count
2019-09-07,2571.499426828793,1693.6788704386151,3483.776257646361,txn_count
2019-09-08,3156.177455300557,2236.961372459509,4037.6254488405443,txn_count
2019-09-09,3224.500298044195,2242.0268421538563,4201.9103204094345,txn_count
2019-09-10,1932.248148798904,1051.6531658712147,2827.942894162559,txn_count
2019-09-11,1535.918169621852,602.1909573495817,2442.2247329958127,txn_count
2019-09-12,1732.3205279092215,833.5790722804104,2684.4720323424053,txn_count
2019-09-13,1786.5276856875025,818.8477390283491,2711.726599167316,txn_count
2019-09-14,2441.695541755761,1509.8406783762375,3359.2611792477264,txn_count
2019-09-15,3052.3543965474446,2086.739146730353,4020.9154545244796,txn_count
2019-09-16,3146.604920701986,2206.309598049423,4117.196364027608,txn_count
2019-09-17,1879.6248993633608,928.4001780576199,2874.730102296446,txn_count
2019-09-18,1507.3351803577611,585.4316862210583,2499.7638190401644,txn_count
2019-09-19,1726.013058177075,808.2111610703713,2616.0641348708878,txn_count
2019-09-20,1800.2560712331424,921.994032796054,2760.200141620462,txn_count
2019-09-21,2472.8159830901122,1606.3584184417603,3357.712613715994,txn_count
2019-09-22,3097.900540341847,2197.2791281261543,4038.1993695193437,txn_count
2019-09-23,3203.379460471036,2308.308130564504,4150.16652270102,txn_count
2019-09-24,1944.2922033366722,1033.5990869153518,2882.979315212323,txn_count
2019-09-25,1576.521703795605,543.2109835886746,2495.502477630135,txn_count
2019-09-26,1796.4062694127215,856.2521463044142,2759.6120506931215,txn_count
2019-09-27,1868.7005699004194,985.1217135572025,2820.313296147689,txn_count
2019-09-28,2536.403966191146,1576.6216321521408,3489.6913694975706,txn_count
2019-09-29,3154.0539256833245,2278.124791478539,4076.7081768674207,txn_count
2019-09-30,3249.9212112399823,2292.0736001254136,4218.717320129565,txn_count
2019-10-01,1979.504706019898,1039.4341256728235,2867.301063367452,txn_count
2019-10-02,1599.1904260514011,670.550720075029,2542.858780450626,txn_count
2019-10-03,1805.841827666808,841.7895698073454,2758.0492868386364,txn_count
2019-10-04,1864.7604455185892,920.3066246134958,2819.9721608691098,txn_count
2019-10-05,2519.4803429927592,1728.908209552134,3523.997091414566,txn_count
2019-10-06,3125.0499122817187,2235.6190720874256,4122.777526100364,txn_count
2019-10-07,3210.2105977260244,2252.180440237239,4140.644106742138,txn_count
2019-10-08,1930.8764385107097,1035.1163070814919,2908.43710642281,txn_count
2019-10-09,1543.7794603289278,639.424350211986,2482.0307757987985,txn_count
2019-10-10,1746.0539842070484,936.5589317516708,2694.5424891422094,txn_count
2019-10-11,1803.1716302279817,889.2885114458363,2704.0073954087593,txn_count
2019-10-12,2458.746076930091,1499.4629813020017,3405.9166304481605,txn_count
2019-10-13,3067.806073175943,2144.617621091284,4009.466617502465,txn_count
2019-10-14,3158.97405488789,2282.4044100670085,4097.446131994862,txn_count
2019-10-15,1887.9487874692245,970.169583938666,2820.052183708474,txn_count
2019-10-16,1511.1570206321444,596.2208399535422,2491.734576132624,txn_count
2019-10-17,1725.3470861268904,827.6112432368178,2626.25623670356,txn_count
2019-10-18,1795.5359861974725,840.0273775759433,2759.3452514937308,txn_count
2019-10-19,2464.8287165759934,1521.6835483479988,3336.796187822516,txn_count
2019-10-20,3087.707735914456,2186.9138796059938,3979.502747919062,txn_count
2019-10-21,3192.2304128062974,2266.0842563195347,4217.680965680835,txn_count
2019-10-22,1933.5304617015636,1000.2391494460056,2864.00306403175,txn_count
2019-10-23,1567.4896777783508,537.2717578825052,2453.556965616686,txn_count
2019-10-24,1790.3513659744417,889.9144537321422,2751.809887018441,txn_count
2019-10-25,1866.6865989223584,894.883413015168,2785.9461289662977,txn_count
2019-10-26,2539.2314522177876,1675.4172591567708,3455.9262942843357,txn_count
2019-10-27,3162.1927461287755,2213.5904043872733,4064.930213303219,txn_count
2019-10-28,3263.4586499548723,2342.947032447695,4207.263949654066,txn_count
2019-10-29,1998.111573249566,1086.873437726745,2915.9968548895063,txn_count
2019-10-30,1622.1073624717362,683.0957215264526,2521.0256326654476,txn_count
2019-10-31,1831.8928219039035,858.5321736510608,2785.9051785685574,txn_count
2019-11-01,1892.372278864062,939.9231707752921,2780.0313513533215,txn_count
2019-11-02,2546.7412182107228,1665.7040809586767,3430.1343786600983,txn_count
2019-11-03,3149.7844996183526,2184.299793119672,4026.219547207943,txn_count
2019-11-04,3230.0756086274105,2326.196409379341,4188.2500118558655,txn_count
2019-11-05,1943.4745703452847,925.8886378365416,2820.072795630774,txn_count
2019-11-06,1546.787494792995,684.0272064898897,2453.043722135708,txn_count
2019-11-07,1737.3669865814938,828.2636179746013,2605.829202402591,txn_count
2019-11-08,1781.0510340858968,882.1443056484557,2819.5190287106157,txn_count
2019-11-09,2421.972588859769,1493.2844785214677,3372.918432592949,txn_count
2019-11-10,3015.831189405774,2197.766430462116,3921.5380182770227,txn_count
2019-11-11,3092.0651323581233,2226.7315641957925,3999.9331448073413,txn_count
2019-11-12,1807.3225413167177,894.5888477542634,2720.9879824040368,txn_count
2019-11-13,1419.0963951724664,481.84455817120994,2289.831585917814,txn_count
2019-11-14,1625.2966692835398,704.9511902536468,2524.327817477259,txn_count
2019-11-15,1692.17150633753,780.0634036950859,2565.742004009494,txn_count
2019-11-16,2364.0966697520053,1529.3120132768565,3370.104008827881,txn_count
2019-11-17,2996.832019733514,1988.1429345190115,3902.859637963388,txn_count
2019-11-18,3119.682655258098,2185.9195463316346,3984.6871185379287,txn_count
2019-11-19,1888.9634764115801,1017.6462992385933,2874.840621580096,txn_count
2019-11-20,1561.6325240634376,639.7816561208546,2477.22074062961,txn_count
2019-11-21,1834.866426873747,891.8708937719857,2755.700433001104,txn_count
2019-11-22,1973.9899237936238,1047.2687605954204,2955.0785884662446,txn_count
2019-11-23,2722.274112109229,1809.0771300786773,3585.882070435345,txn_count
2019-11-24,3434.224584377766,2515.579127610032,4331.718570158581,txn_count
2019-11-25,3637.7515087465863,2698.2535433974886,4569.0245375449285,txn_count
2019-11-26,2487.66521555079,1531.820835844181,3458.769826944168,txn_count
2019-11-27,2239.339460147686,1367.836006604439,3172.0973511885036,txn_count
2019-11-28,2588.319563501931,1604.2032255248548,3480.6082642316014,txn_count
2019-11-29,2798.2866641098663,1905.506898043568,3729.3834283432616,txn_count
2019-11-30,3610.8964593539354,2653.9661897262104,4525.211255164992,txn_count
2019-12-01,4379.090129544618,3454.508658355988,5235.15478348548,txn_count
2019-12-02,4629.313893136357,3658.102135261275,5555.411068416376,txn_count
2019-12-03,3515.0446329027914,2673.3777846637886,4473.488653801283,txn_count
2019-12-04,3290.485547246391,2360.4162570284734,4198.867107008866,txn_count
2019-12-05,3650.2036996160186,2707.1628168527145,4604.0377373921365,txn_count
2019-12-06,3857.1199591292466,2872.1923564978847,4735.843956499762,txn_count
2019-12-07,4652.369051513371,3716.110116044985,5511.175030497055,txn_count
2019-12-08,5388.626853173055,4437.055729761845,6292.601697942005,txn_count
2019-12-09,5592.340929694667,4706.28729680519,6566.002321850434,txn_count
2019-12-10,4417.258551603178,3482.032501367533,5281.124157611771,txn_count
2019-12-11,4118.130378947376,3262.8126590900397,5046.52715707645,txn_count
2019-12-12,4390.332788924787,3464.4981792874064,5281.200130011012,txn_count
2019-12-13,4497.848283522146,3591.3890519962656,5403.762746116166,txn_count
2019-12-14,5183.107504441109,4264.297626685433,6051.268769258047,txn_count
2019-12-15,5800.293241604437,4880.824480087434,6724.400751697231,txn_count
2019-12-16,5877.542931576874,4958.209380145511,6846.895405360058,txn_count
2019-12-17,4570.447373596304,3612.3319056711243,5491.047795897026,txn_count
2019-12-18,4135.710139799725,3189.0598759341015,5042.915022663859,txn_count
2019-12-19,4270.740297804246,3354.900629852127,5159.101465857201,txn_count
2019-12-20,4241.589889680042,3391.646443957802,5147.323271304344,txn_count
2019-12-21,4792.7550206701035,3842.295307361714,5656.590435219799,txn_count
2019-12-22,5280.438981214896,4386.594622629466,6215.324566420406,txn_count
2019-12-23,5234.714819871822,4321.971035472151,6198.993582215035,txn_count
2019-12-24,3812.985992969843,2953.2023138769628,4717.012726652887,txn_count
2019-12-25,3273.6104205609595,2359.6586080637258,4152.868509399564,txn_count
2019-12-26,3315.46135439305,2436.9101167427375,4248.854744933722,txn_count
2019-12-27,3205.8372050116113,2331.1730945000136,4141.906050475126,txn_count
2019-12-28,3690.239512133703,2765.9437723192923,4584.080133245421,txn_count
2019-12-29,4125.619324702618,3169.7199089356977,5044.5474094416895,txn_count
2019-12-30,4042.5270562244796,3046.6519268837346,5013.648013097675,txn_count
2019-12-31,2598.567379233538,1727.522018662587,3528.1292814023254,txn_count
2020-01-01,2052.0232190060165,1087.215650234725,2957.8195656686453,txn_count
2020-01-02,2101.422469692733,1220.9565102251706,3024.207275970992,txn_count
2020-01-03,2013.459388382645,1071.5194774276567,2961.31104022726,txn_count
2020-01-04,2532.7897984162373,1721.6799712704862,3521.060538704385,txn_count
2020-01-05,3015.298564966704,2152.8544960195186,4000.6019938120244,txn_count
2020-01-06,2990.27656201548,2072.1972845060454,3903.9479157638925,txn_count
2020-01-07,1613.905326904378,725.9659323071729,2513.910288579703,txn_count
2020-01-08,1142.9140831662962,271.1266806888478,2053.504840418675,txn_count
2020-01-09,1274.1816871295969,317.3794383844244,2202.876588864571,txn_count
2020-01-10,1272.694615750757,299.4014714681816,2156.0807030275123,txn_count
2020-01-11,1881.379268923997,967.4623495574998,2829.7623768590447,txn_count
2020-01-12,2454.4061916788223,1466.2254456960206,3357.1173697939525,txn_count
2020-01-13,2519.4025994678536,1582.4445003072783,3517.4107477530133,txn_count
2020-01-14,1230.970293912632,312.75984058694047,2111.6694466439985,txn_count
2020-01-15,844.3744880215345,-182.15732848924316,1774.9105571231323,txn_count
2020-01-16,1055.1722951466686,156.12386616943718,2026.5709928366525,txn_count
2020-01-17,1127.194579342692,297.8264085853118,2116.0705813623536,txn_count
2020-01-18,1802.3974081832862,915.0108538577267,2727.4463692474487,txn_count
2020-01-19,2434.1806820524143,1514.2986340110383,3395.742281093708,txn_count
2020-01-20,2549.6100979591074,1605.6564723901797,3403.621747607974,txn_count
2020-01-21,1302.9397483884477,413.554281753358,2238.0094601482224,txn_count
2020-01-22,949.2993249510544,53.90607699124665,1870.9638538843649,txn_count
2020-01-23,1184.3179700240903,304.6981621778544,2094.7654954241734,txn_count
2020-01-24,1272.0955892763334,335.9488814045045,2237.49613656547,txn_count
2020-01-25,1955.0398049495645,1065.1433696474164,2860.0719767540945,txn_count
2020-01-26,2587.1662715764123,1677.9712143201393,3474.8403088413747,txn_count
2020-01-27,2696.2990563372878,1768.6388055276136,3652.9099565640277,txn_count
2020-01-28,1437.5689955253154,579.0982122293148,2334.671091469153,txn_count
2020-01-29,1067.0746580672437,133.82408618994248,2070.0923667343736,txn_count
2020-01-30,1281.478652930175,423.3029506142318,2201.778736595147,txn_count
2020-01-31,1345.9507682671979,387.3968638221172,2301.4155612242303,txn_count
2020-02-01,2003.9769926021477,1133.1194479444341,2938.7055812903795,txn_count
2020-02-02,2610.632491222715,1686.9694105027406,3504.385627325184,txn_count
2020-02-03,2694.756217150448,1772.5141562217282,3679.916418231876,txn_count
2020-02-04,1412.4254943280391,495.3801868600823,2399.679239381499,txn_count
2020-02-05,1020.5957623805607,78.35323878204423,1941.0221387359882,txn_count
2020-02-06,1216.6786662748868,324.3200155126065,2140.116762171324,txn_count
2020-02-07,1266.4703707668068,378.2102643365301,2206.5667163950648,txn_count
2020-02-08,1913.9492478846591,982.4944982281493,2845.46554459623,txn_count
2020-02-09,2514.5415074382418,1615.2150576872086,3467.5978616405678,txn_count
2020-02-10,2597.2921824805044,1687.93131633889,3488.375496370666,txn_count
2020-02-11,1318.3399381027239,458.7572123321676,2179.948405928554,txn_count
2020-02-12,934.5607286264099,-13.387434773027245,1810.3388769316412,txn_count
2020-02-13,1143.1532656118554,229.60506652338992,2024.5907809066093,txn_count
2020-02-14,1209.5778737378312,340.51593947480416,2122.282663644216,txn_count
2020-02-15,1877.3675086177698,1032.3483052786557,2793.431117909653,txn_count
2020-02-16,2501.4090723373292,1550.4425339906543,3455.7730385709215,txn_count
2020-02-17,2610.1319574080712,1776.1918720106237,3565.684527001064,txn_count
2020-02-18,1359.0017743910569,390.4017601285558,2331.9663449593513,txn_count
2020-02-19,1004.1837535848917,118.93759247189644,1890.726518822722,txn_count
2020-02-20,1242.1482480867662,311.3822965979568,2101.7134256043173,txn_count
2020-02-21,1337.6293871949526,343.36332032624074,2216.9236087309837,txn_count
2020-02-22,2033.4551507077958,1111.2712233068821,2914.0013327100764,txn_count
2020-02-23,2683.8465319397674,1754.7672227201813,3673.5328758378387,txn_count
2020-02-24,2816.6222994658815,1875.3944852438779,3723.475099948223,txn_count
2020-02-25,1586.7069476461506,695.8134600670379,2499.3369633970055,txn_count
2020-02-26,1249.806028166532,406.31671079270484,2211.63223134546,txn_count
2020-02-27,1502.0210583262992,648.9020350139015,2413.959571062956,txn_count
2020-02-28,1607.8149002113496,646.6009151649353,2530.3034067264152,txn_count
2020-03-01,2962.2677569581347,2074.8807921162334,3804.9555858976078,txn_count
2020-03-02,3092.9337804596494,2174.628833596945,3994.8258275148614,txn_count
2020-03-03,1856.899794231238,964.144369864166,2800.467800197082,txn_count
2020-03-04,1510.0935465101122,583.7434967597003,2457.9077856377667,txn_count
2020-03-05,1748.9209954773924,914.1961409520551,2638.5902382252207,txn_count
2020-03-06,1838.2213550164379,913.5471124027437,2762.6551971648887,txn_count
2020-03-07,2521.089343832538,1583.927429897967,3426.9429276633496,txn_count
2020-03-08,3152.162634404919,2213.792249809661,4090.171616288825,txn_count
2020-03-09,3259.8114883317317,2345.378422141533,4248.923041086959,txn_count
2020-03-10,1999.6286732744088,1092.5622909694139,2932.071006248894,txn_count
2020-03-11,1628.0844337469246,734.7907731368251,2529.3799055813793,txn_count
2020-03-12,1842.119327567726,898.4403464723482,2764.002017095829,txn_count
2020-03-13,1907.0864599564193,1012.8333052491364,2863.9489893499076,txn_count
2020-03-14,2566.5619466243134,1652.5753900219208,3475.0773154569256,txn_count
2020-03-15,3175.6218964967597,2240.638353951934,4187.446053601343,txn_count
2020-03-16,3263.023089590143,2390.357672811273,4178.795715573552,txn_count
2020-03-17,1984.6856292978425,1054.3154096631172,2889.748981685558,txn_count
2020-03-18,1597.3424553657253,628.7399366672313,2462.38532665695,txn_count
2020-03-19,1798.1285932109618,796.4334013794343,2689.4485603299454,txn_count
2020-03-20,1852.5216827696188,912.2956160250133,2834.3996631822943,txn_count
2020-03-21,2504.152578755727,1530.0173363348945,3424.8700941191587,txn_count
2020-03-22,3108.084226158852,2235.3921274335303,4110.672946926429,txn_count
2020-03-23,3192.995856849117,2235.5817239590187,4069.909858057008,txn_count
2020-03-24,1914.670619542456,916.7099195940837,2821.0339596741196,txn_count
2020-03-25,1529.6513314093268,476.48684756904663,2458.753576488303,txn_count
2020-03-26,1734.8370049208559,934.1567157154386,2678.8745987565835,txn_count
2020-03-27,1795.4314542228997,848.1025244707358,2646.108962398896,txn_count
2020-03-28,2454.7625247621436,1610.5623668406727,3367.438471970662,txn_count
2020-03-29,3067.569899725394,2160.910725692815,3967.7241093220296,txn_count
2020-03-30,3162.198284074696,2267.266509415902,4072.433286807973,txn_count
2020-03-31,1894.0938448946504,943.1223904390705,2805.454357669575,txn_count
2020-04-01,1519.4683803304124,563.8701990754923,2379.587580156088,txn_count
2020-04-02,1734.903677427113,832.511862099163,2678.184441414491,txn_count
2020-04-03,1805.3071964682188,936.1440506340766,2718.272784525398,txn_count
2020-04-04,2473.7374889959124,1532.0570352708548,3346.5122814228835,txn_count
2020-04-05,3094.6971984555294,2230.7679818065862,4018.225500484775,txn_count
2020-04-06,3196.3303726705294,2237.827742728477,4110.401201421095,txn_count
2020-04-07,1933.9219284688638,1062.4930503898217,2818.95369729393,txn_count
2020-04-08,1563.5637342761215,689.1986380440932,2403.507391563157,txn_count
2020-04-09,1781.7597946943458,818.1233669844432,2674.0783753705705,txn_count
2020-04-10,1853.3817257979458,894.6715408763118,2706.081806936119,txn_count
2020-04-11,2521.493003413744,1588.6253566825658,3437.254737368849,txn_count
2020-04-12,3140.639928563674,2260.4642170870943,4073.7087698058276,txn_count
2020-04-13,3239.0461502329777,2335.250705392269,4125.148754908732,txn_count
2020-04-14,1972.1087080763605,1037.8344251545525,2867.143305006566,txn_count
2020-04-15,1596.0601898399095,680.7457877872913,2450.2888003001403,txn_count
2020-04-16,1807.5696187952612,874.8088733741342,2717.9222642657132,txn_count
2020-04-17,1871.6933892433142,929.2401515887299,2799.168106317923,txn_count
2020-04-18,2531.6948559349603,1639.4612328423498,3387.6163866834618,txn_count
2020-04-19,3142.3306360925303,2267.6270970906576,4030.2278323583687,txn_count
2020-04-20,3232.040566911779,2303.827926494476,4136.807565957753,txn_count
2020-04-21,1956.4393698756244,1020.5567560123844,2894.4549673346555,txn_count
2020-04-22,1571.9746900627847,656.9411461948936,2474.6876533523996,txn_count
2020-04-23,1775.5241831409091,880.0371063203044,2738.3521762681703,txn_count
2020-04-24,1832.3430091402856,944.9568358995666,2733.470077177403,txn_count
2020-04-25,2485.8803645833523,1569.7067468900013,3386.7644966418716,txn_count
2020-04-26,3091.063122794918,2168.5539305048815,4040.0051859521786,txn_count
2020-04-27,3176.483523725895,2242.3916174752753,4073.333583454402,txn_count
2020-04-28,1897.8889523519847,1011.0272220678511,2850.8650327958544,txn_count
2020-04-29,1511.8384532396988,606.3404423278504,2467.499033333448,txn_count
2020-04-30,1715.298627378087,770.1856144615545,2646.893027003211,txn_count
2020-05-01,1773.5902406624155,807.2576456267477,2722.523601539358,txn_count
2020-05-02,2430.2041449413737,1389.0495919369384,3330.6843461129993,txn_count
2020-05-03,3040.0845523536527,2118.67649679002,3948.4579557036377,txn_count
2020-05-04,3131.816578705463,2226.574220431005,4051.2043593549884,txn_count
2020-05-05,1861.116074661054,981.5763335212713,2751.1871814474425,txn_count
2020-05-06,1484.486378343492,587.4124496112662,2376.766068696866,txn_count
2020-05-07,1698.8146288093199,818.0896973606417,2669.461738397481,txn_count
2020-05-08,1769.3189704812426,843.3655388963202,2712.026371513695,txn_count
2020-05-09,2439.365257290894,1504.0903427364888,3344.4850756993014,txn_count
2020-05-10,3063.7513114825124,2146.238601699666,3950.3465622387544,txn_count
2020-05-11,3170.89567209495,2228.132703331203,4110.986325052466,txn_count
2020-05-12,1916.3288745895684,1003.5682740488704,2829.9605661505425,txn_count
2020-05-13,1556.351919319856,623.4660697814844,2487.147445492663,txn_count
2020-05-14,1787.634591563791,830.4605770860925,2682.3920045653053,txn_count
2020-05-15,1875.1649832830649,915.0767752442433,2840.303970299086,txn_count
2020-05-16,2562.068839766311,1671.7977399835956,3459.747519294869,txn_count
2020-05-17,3202.8967926447067,2345.925493873459,4144.025860570044,txn_count
2020-05-18,3325.8164107639327,2442.845720121146,4246.424584293951,txn_count
2020-05-19,2086.1070949837494,1221.032243429966,2963.161825727462,txn_count
2020-05-20,1739.82244605484,881.6830710932106,2697.7281397136735,txn_count
2020-05-21,1983.39272544096,1071.3327533453044,2794.3079418385737,txn_count
2020-05-22,2081.5787021256156,1202.1645392308444,3048.219155970915,txn_count
2020-05-23,2777.295437047398,1815.5481705695438,3714.2208621631103,txn_count
2020-05-24,3424.9039818530714,2572.314288661447,4329.178000457165,txn_count
2020-05-25,3552.4078269129022,2620.5696626726485,4435.711266269719,txn_count
2020-05-26,2314.952018318119,1454.706532097021,3313.7919735077103,txn_count
2020-05-27,1968.4894598150527,1069.8471050194057,2878.157433755616,txn_count
2020-05-28,2209.386902384698,1294.7945176361723,3064.972480670943,txn_count
2020-05-29,2302.381797198658,1410.6882541433129,3191.014857473672,txn_count
2020-05-30,2990.4084498257544,2088.442912751869,3923.0385218113224,txn_count
2020-05-31,3627.891346248741,2752.1847697856606,4502.074787161939,txn_count
2020-06-01,3742.9423911486274,2810.5967138597284,4643.873349191896,txn_count
2020-06-02,2490.859899234299,1574.1619081751317,3414.307175550092,txn_count
2020-06-03,2127.793795842422,1191.4873725558496,3047.881771253582,txn_count
2020-06-04,2350.3494922669843,1420.404099425632,3297.713130166911,txn_count
2020-06-05,2423.541599440329,1532.2664030898056,3351.0923557017745,txn_count
2020-06-06,3090.615932932608,2160.941660871383,4023.787851651159,txn_count
2020-06-07,3706.337723480534,2794.9230813955296,4603.502811047864,txn_count
2020-06-08,3799.182846079566,2822.1269687710924,4671.0372668604305,txn_count
2020-06-09,2524.830009561694,1613.691371398313,3466.633081346021,txn_count
2020-06-10,2139.8184911755575,1200.9016582840823,3101.278752720626,txn_count
2020-06-11,2341.1440349533614,1382.8195148005132,3258.759460915342,txn_count
2020-06-12,2394.204252392297,1507.7280549149123,3309.1282798774264,txn_count
2020-06-13,3042.6121713515613,2098.033934009115,3934.9240102434132,txn_count
2020-06-14,3641.476053262767,2716.0078619160627,4545.771214528932,txn_count
2020-06-15,3719.5825054919433,2861.067465202775,4607.173870843951,txn_count
2020-06-16,2432.8810464924627,1505.486259054252,3333.693038405361,txn_count
2020-06-17,2038.1349201059745,1049.485825134766,3041.280930536292,txn_count
2020-06-18,2232.5109792054036,1267.4240603613773,3123.0956000978667,txn_count
2020-06-19,2281.520162351996,1378.9458016157269,3303.501910102385,txn_count
2020-06-20,2928.827372102676,1993.9750723518785,3798.161781800546,txn_count
2020-06-21,3529.529010090889,2646.8474541612827,4526.1973527482805,txn_count
2020-06-22,3612.335297997657,2784.6455455289,4483.4565108893985,txn_count
2020-06-23,2333.0556078196505,1448.2069322369018,3221.6374151042737,txn_count
2020-06-24,1948.2516234772702,965.1994556430557,2917.5308403343024,txn_count
2020-06-25,2154.8311379453085,1309.3238477563334,3033.4427298188693,txn_count
2020-06-26,2217.9939505965685,1220.5007475036675,3075.3206675441916,txn_count
2020-06-27,2881.0485719295775,1955.1021948664622,3770.6281079731284,txn_count
2020-06-28,3498.697848325368,2548.096942459392,4431.634874082424,txn_count
2020-06-29,3599.2304552223577,2703.0506151153086,4462.934347353085,txn_count
2020-06-30,2338.016267131138,1396.057037574977,3266.835001828744,txn_count
2020-07-01,1971.1701823131652,1048.1473441306873,2896.692916861521,txn_count
2020-07-02,2195.1569389365395,1246.2260900091583,3031.9599004834627,txn_count
2020-07-03,2274.7481037199304,1339.9607909085732,3218.999398888984,txn_count
2020-07-04,2952.8496478069865,2037.883340574241,3894.2080254459843,txn_count
2020-07-05,3583.7979292695336,2678.98784672604,4473.089453062249,txn_count
2020-07-06,3695.560744829406,2792.7745224616237,4644.1419830992445,txn_count
2020-07-07,2443.2411889618897,1603.1839075399196,3329.7183492438985,txn_count
2020-07-08,2082.748651590096,1140.5902064992663,3032.061923833047,txn_count
2020-07-09,2310.409275376149,1380.4370936075022,3273.9633403935118,txn_count
2020-07-10,2390.9268757778477,1519.8249302712316,3320.7019808825503,txn_count
2020-07-11,3067.212604080602,2182.654083150754,3975.3709962621683,txn_count
2020-07-12,3693.6810866660608,2732.056424250913,4597.028452340814,txn_count
2020-07-13,3798.449668527191,2872.0329089075126,4665.136126022847,txn_count
2020-07-14,2536.8385183144387,1596.046869244502,3526.917762520914,txn_count
2020-07-15,2165.03599940245,1263.1443192234467,3117.6582144298304,txn_count
2020-07-16,2379.701754451083,1476.661530015207,3281.421474932623,txn_count
2020-07-17,2445.9186837140687,1512.2474266867202,3320.2670707317516,txn_count
2020-07-18,3107.0123209668936,2204.854213223391,4067.444073621067,txn_count
2020-07-19,3717.835605072454,2791.4959501446374,4562.999498885301,txn_count
2020-07-20,3806.955974397182,2994.7040600746186,4696.78121370717,txn_count
2020-07-21,2530.142867162569,1560.7841626473416,3503.614587945253,txn_count
2019-01-01,167758.54357361345,97511.34012757229,231780.34853270208,total_spend
2019-01-02,131083.95061455388,63666.46268381626,196681.56445733196,total_spend
2019-01-03,137883.55505562972,68617.78484998146,202411.64162947604,total_spend
2019-01-04,131037.04711513479,59672.58747485861,199641.18940809224,total_spend
2019-01-05,168871.8982076436,100172.63011211397,237744.70925979482,total_spend
2019-01-06,200293.23473347892,136910.03376396585,269135.65032570576,total_spend
2019-01-07,202630.6228527493,131992.6717198623,272883.8113306902,total_spend
2019-01-08,107313.01245946798,43186.850484624694,169217.9566755533,total_spend
2019-01-09,76193.04537811679,8227.04293952389,144256.11690531578,total_spend
2019-01-10,88816.53758823097,25717.032536376497,153876.47015639365,total_spend
2019-01-11,87950.68416287862,15637.99281537977,153941.81557572645,total_spend
2019-01-12,131812.19589389954,67199.48095814943,198058.0340445871,total_spend
2019-01-13,169199.39720917432,100973.12078666424,237569.7083351387,total_spend
2019-01-14,177341.09533231054,105234.40323999463,240403.34922550144,total_spend
2019-01-15,87573.42473410087,21688.74155795449,150415.61641380764,total_spend
2019-01-16,61665.83277559826,-8364.937572857047,130343.93987756757,total_spend
2019-01-17,79091.98312598791,11410.889612206409,148037.6530670772,total_spend
2019-01-18,82559.09901680356,17494.52347381959,146083.80022655867,total_spend
2019-01-19,130236.93581183864,64211.137763669736,198472.3047637915,total_spend
2019-01-20,170890.40047747828,104245.81074810165,243226.17755308433,total_spend
2019-01-21,181728.623511035,114921.3124142342,250352.42514372483,total_spend
2019-01-22,94081.69057934136,22778.06792718459,165671.17268635918,total_spend
2019-01-23,69726.2103527985,2529.673501574549,136417.23581129487,total_spend
2019-01-24,88155.51266805746,20603.472128346024,157390.24082806843,total_spend
2019-01-25,92108.0230619453,27120.264101957324,163852.80417719783,total_spend
2019-01-26,139795.03282676384,70623.61648700376,202678.53737851503,total_spend
2019-01-27,180031.91671871956,112980.05944412494,246870.03236007996,total_spend
2019-01-28,190085.64234162666,120365.37720580777,259290.65082675294,total_spend
2019-01-29,101349.81982767313,28926.212213926003,164688.61418773208,total_spend
2019-01-30,75668.51149305557,7904.865284527191,141248.9483743078,total_spend
2019-01-31,92604.63953518785,26906.621594146167,159724.13815466504,total_spend
2019-02-01,94966.58137886402,23689.567985285357,165687.7391625095,total_spend
2019-02-02,141034.21397998152,73990.34490523921,206999.9399107536,total_spend
2019-02-03,179688.4989455394,111214.65571963233,249929.65408907598,total_spend
2019-02-04,188257.4888948502,118661.46543424403,254242.07106623394,total_spend
2019-02-05,98190.03590566602,34713.503897204835,167057.4562767669,total_spend
2019-02-06,71378.44925401242,-2567.944846939716,135075.81947177384,total_spend
2019-02-07,87425.96228811942,19919.534486592132,152890.26112049256,total_spend
2019-02-08,89172.61450743214,22479.045414768494,152481.01381978687,total_spend
2019-02-09,134920.8202089461,69498.60152191081,201310.09386761108,total_spend
2019-02-10,173564.7196264878,109057.02066115946,238910.99922615092,total_spend
2019-02-11,182436.19096295277,115242.82235079202,248066.90062534699,total_spend
2019-02-12,92978.79631004688,28725.19520668953,158393.22011993613,total_spend
2019-02-13,67070.89518431893,-4030.643459784808,131452.88192303444,total_spend
2019-02-14,84293.76740737887,17779.141380961108,151260.7007787882,total_spend
2019-02-15,87458.32841112981,24576.76543671696,152590.8938596253,total_spend
2019-02-16,134831.68201161295,62600.490525387904,204457.3398653563,total_spend
2019-02-17,175267.57719648405,109374.42404114902,240644.74604806196,total_spend
2019-02-18,186053.61586988394,123483.51735728495,252788.91936804136,total_spend
2019-02-19,98586.4518680214,33443.52986047006,161030.55654459426,total_spend
2019-02-20,74696.18190651073,6184.52554074644,146225.9747549356,total_spend
2019-02-21,93915.73759935959,27314.497350670976,159331.1103502233,total_spend
2019-02-22,99008.83033647446,30939.298558136612,172164.99757376738,total_spend
2019-02-23,148197.6647202835,83247.65342792262,215920.97387657204,total_spend
2019-02-24,190294.46067165403,118425.04474298497,261954.2947696357,total_spend
2019-02-25,202549.60774816028,135696.55788063502,266185.8504077166,total_spend
2019-02-26,116327.67255392182,52198.77634199397,182851.53458884172,total_spend
2019-02-27,93432.44453925986,28709.843357374113,158489.95944816622,total_spend
2019-02-28,113376.81837104834,41648.932512521176,177464.29708247134,total_spend
2019-03-01,118911.05821180076,57304.20801872964,183238.82000269264,total_spend
2019-03-02,168250.65776236032,97404.00500936485,239655.56542960936,total_spend
2019-03-03,210207.8385538743,146877.420879259,275718.47822531586,total_spend
2019-03-04,222039.5168605931,153407.86604216293,285228.9549092527,total_spend
2019-03-05,135122.97061514726,68547.40311468733,203642.77330887402,total_spend
2019-03-06,111280.40565639954,45811.08654131901,177308.03142313645,total_spend
2019-03-07,130048.2364896753,64500.07742034557,199904.29159077193,total_spend
2019-03-08,134204.6462928346,66643.19981954822,201062.33199350513,total_spend
2019-03-09,181996.66127365024,115605.64900224618,248831.0210514379,total_spend
2019-03-10,222270.80430820643,155336.453188729,290013.5480096517,total_spend
2019-03-11,232320.1812680292,162592.8021574004,299865.4375391378,total_spend
2019-03-12,143559.25445682136,79624.93882035631,209177.71389170334,total_spend
2019-03-13,117847.52483097067,49931.073575037226,180265.090440467,total_spend
2019-03-14,134757.9594649676,68214.97246123885,201963.8443926038,total_spend
2019-03-15,137103.74854166526,69538.92962732539,205168.00887141566,total_spend
2019-03-16,183164.64444756502,116820.69286505571,246289.07307098628,total_spend
2019-03-17,221816.96292851475,157349.4489393189,285561.0301901299,total_spend
2019-03-18,230380.1120108713,162668.11483315632,299350.47481248976,total_spend
2019-03-19,140290.912453642,69580.76982471038,207280.58098688017,total_spend
2019-03-20,113426.9378038097,42905.709120309526,178584.42027759703,total_spend
2019-03-21,129374.71375403964,61837.77257225311,199369.42105720984,total_spend
2019-03-22,130956.3614173635,66875.84067176843,196210.19810546486,total_spend
2019-03-23,176455.93454651925,109027.6004908437,246663.70680481108,total_spend
2019-03-24,214749.5254677742,152426.46695166713,278442.5940028234,total_spend
2019-03-25,223151.99787109508,157550.20544966063,288631.8650191486,total_spend
2019-03-26,133091.6006026121,66492.24136903472,199369.28880667227,total_spend
2019-03-27,106433.67921109778,34845.451892975725,172771.2842229077,total_spend
2019-03-28,122749.31231312863,56329.80343726957,192696.93172984695,total_spend
2019-03-29,124842.443825831,57541.06765475992,195940.70837732992,total_spend
2019-03-30,170976.74705436337,107667.3782492962,238361.34954841848,total_spend
2019-03-31,210006.2811440057,139489.72954910793,279550.3585482371,total_spend
2019-04-01,219222.78414393877,151820.9830786086,286927.9883209637,total_spend
2019-04-02,130030.84343413645,62829.24345408114,192613.9707580134,total_spend
2019-04-03,104272.14780838386,36949.82609221463,168090.65652983906,total_spend
2019-04-04,121494.63696100298,56698.49118626217,189757.8739831279,total_spend
2019-04-05,124480.10949843095,56002.66877236187,192703.93442423604,total_spend
2019-04-06,171471.517020659,100420.03096208406,239024.5043208289,total_spend
2019-04-07,211303.99806940788,147020.66602557374,277708.89394880674,total_spend
2019-04-08,221252.49105472973,155649.09359451596,285789.14216487325,total_spend
2019-04-09,132707.16355658844,63691.458923799466,205702.39776745127,total_spend
2019-04-10,107497.86055049808,41017.50173112856,174776.82485647383,total_spend
2019-04-11,125163.38713103377,57587.91991508937,189875.25099836008,total_spend
2019-04-12,128479.18811054781,66095.28101783892,193756.25717589285,total_spend
2019-04-13,175684.65457218108,110627.688717691,237617.93632317265,total_spend
2019-04-14,215614.1148062605,150021.71442260913,279606.8927301428,total_spend
2019-04-15,225544.35327586334,165136.56602278963,294219.7931053558,total_spend
2019-04-16,136869.90022229444,67492.27804388954,206382.32840038868,total_spend
2019-04-17,111427.30021482082,44691.812446957454,177543.52913172814,total_spend
2019-04-18,128764.18120514305,59620.79668533261,200827.86285385714,total_spend
2019-04-19,131666.6926119491,67705.52312969648,200102.7921276577,total_spend
2019-04-20,178386.54858458904,112321.26407042958,246251.79760320715,total_spend
2019-04-21,217771.73975076003,152257.81192934155,285393.4267143774,total_spend
2019-04-22,227113.76265032834,159681.77000571947,293487.98883898876,total_spend
2019-04-23,137822.61462682555,71164.6210273554,205425.7123733297,total_spend
2019-04-24,111750.76712946175,47465.88396082079,179719.77674544434,total_spend
2019-04-25,128461.94318636265,64309.241548702485,189438.45348729406,total_spend
2019-04-26,130758.27121651312,60022.42842365017,196664.17758579776,total_spend
2019-04-27,176907.05448960882,110771.74956500092,242019.64176186195,total_spend
2019-04-28,215771.22223480587,148902.05855654666,286506.9926713791,total_spend
2019-04-29,224656.31388292267,159556.59693841916,291539.1204514732,total_spend
2019-04-30,134985.24614804913,68929.47524173988,203950.94056547197,total_spend
2019-05-01,108622.07756172118,42277.42359327199,175786.07985646804,total_spend
2019-05-02,125140.59768104213,61097.97570079516,192863.47786307245,total_spend
2019-05-03,127351.31438287845,62680.513782699636,195154.32436504547,total_spend
2019-05-04,173528.07991743725,102567.57504401193,245552.30317966762,total_spend
2019-05-05,212538.42278721332,146633.90767880477,283785.22905297583,total_spend
2019-05-06,221690.43820178427,156203.2320963361,284673.72146746324,total_spend
2019-05-07,132407.4880191823,64535.69685875018,196911.29903306032,total_spend
2019-05-08,106551.9260112343,41547.30725996478,178838.47164084166,total_spend
2019-05-09,123693.67687935707,56687.29735185579,195745.00663878588,total_spend
2019-05-10,126637.24366328378,56285.49003062531,195207.10495915968,total_spend
2019-05-11,173648.3851328875,111755.31304096732,242140.9456384993,total_spend
2019-05-12,213584.53122678827,145508.5052702221,280514.92696805357,total_spend
2019-05-13,223741.78981393704,159840.26987849653,286983.50406355254,total_spend
2019-05-14,135529.79592900904,65175.49062096405,199258.17851269073,total_spend
2019-05-15,110795.6190865217,49002.32291235554,187363.34584961642,total_spend
2019-05-16,129092.55631856005,60147.32471436385,200047.10658843553,total_spend
2019-05-17,133207.38415240505,66238.61631633411,199912.38954691731,total_spend
2019-05-18,181387.3089918251,116474.90902828072,245248.01133875042,total_spend
2019-05-19,222470.681070785,158581.36619669592,289872.19989535416,total_spend
2019-05-20,233734.32156008523,167080.39051792293,300238.0126032315,total_spend
2019-05-21,146568.70949870432,78609.84717647685,208306.1691792723,total_spend
2019-05-22,122802.23887349889,56096.77071650655,195353.32569729668,total_spend
2019-05-23,141970.36749543974,78256.91650829474,204058.30701551458,total_spend
2019-05-24,146843.22425149078,80451.47946538257,215051.15656808336,total_spend
2019-05-25,195652.9070251027,121904.86800373603,260972.1842111268,total_spend
2019-05-26,237224.52889983283,177818.05146792554,301125.4857945468,total_spend
2019-05-27,248823.8544680355,185566.0956373687,313035.1433219028,total_spend
2019-05-28,161832.76511799372,94932.29070187674,226702.92340061592,total_spend
2019-05-29,138073.7560357097,74698.74101846803,199928.74176478136,total_spend
2019-05-30,157079.2793777057,92756.24680386511,226487.84307200846,total_spend
2019-05-31,161619.49364527306,89538.58544493129,227567.00780745954,total_spend
2019-06-01,209929.6458567058,145828.24508221733,276019.7134641182,total_spend
2019-06-02,250841.13951553524,183559.04581613035,314936.496472727,total_spend
2019-06-03,261629.12683876604,195816.74678565696,333561.2000345383,total_spend
2019-06-04,173687.8622037521,109517.14765663174,243435.7635167943,total_spend
2019-06-05,148855.01920459064,80641.41457342512,217769.2570011534,total_spend
2019-06-06,166680.7870962898,99805.7157642378,237054.01701930846,total_spend
2019-06-07,169955.30973531862,103696.82020760262,238404.18594419927,total_spend
2019-06-08,216935.69839098217,142672.9350122637,287825.44595429394,total_spend
2019-06-09,256476.67792969965,187565.74872761298,319860.66002903064,total_spend
2019-06-10,265877.7129336745,197519.393239734,332405.05090761563,total_spend
2019-06-11,176557.86027301452,112995.21959335436,239718.91187752062,total_spend
2019-06-12,150379.5613479717,82559.79171644189,213841.53469034212,total_spend
2019-06-13,166917.20165529335,103836.8820209454,230832.76650332316,total_spend
2019-06-14,168984.0133732721,98435.9565800688,237533.61460907376,total_spend
2019-06-15,214858.5654279084,147031.91134707548,280292.1437657113,total_spend
2019-06-16,253414.91369308197,186887.6958070994,322320.02453141386,total_spend
2019-06-17,261969.27081134566,197462.66856987105,331678.072650098,total_spend
2019-06-18,171954.45447131776,110691.36353878843,233650.1205820453,total_spend
2019-06-19,145243.338717409,76596.93199596874,214419.10799478347,total_spend
2019-06-20,161417.14600218539,97575.69566965918,231954.80840379128,total_spend
2019-06-21,163292.16412066342,96162.31668347423,229702.09930782346,total_spend
2019-06-22,209146.13844135663,144359.97902760847,274652.287140746,total_spend
2019-06-23,247848.4194428564,188344.24342377763,314654.1075597851,total_spend
2019-06-24,256706.7212487228,188261.0981929681,331326.0513980958,total_spend
2019-06-25,167141.7555311495,99918.20775355303,235766.25826075248,total_spend
2019-06-26,141010.95956417307,75755.61992333317,206024.6921959295,total_spend
2019-06-27,157877.15138094564,88399.43764869632,217730.23795072932,total_spend
2019-06-28,160535.6884157617,93488.17556834915,227413.29952467378,total_spend
2019-06-29,207241.37061599424,139167.51714542558,274627.8247815925,total_spend
2019-06-30,246839.15302081563,177545.76644817175,315073.7658760821,total_spend
2019-07-01,256611.51555914487,191340.83608980343,319925.4820087233,total_spend
2019-07-02,167953.7332934082,99132.88084447189,232638.6879005627,total_spend
2019-07-03,142698.25253593433,78118.88565999812,208236.44275133757,total_spend
2019-07-04,160383.98829459926,88959.65623267883,226291.63040547012,total_spend
2019-07-05,163784.1023496047,95282.0423812472,230176.15849493953,total_spend
2019-07-06,211133.48617641712,144227.68546571542,278783.5183891144,total_spend
2019-07-07,251259.99771277927,189205.53590455907,321876.4573831241,total_spend
2019-07-08,261432.28495253407,199372.86360639145,327937.8253600297,total_spend
2019-07-09,173035.42648634844,105658.44170476012,241138.79701177301,total_spend
2019-07-10,147895.58336204657,81831.73404708329,212439.22301645676,total_spend
2019-07-11,165549.46908605433,97558.74183557303,230920.98729441746,total_spend
2019-07-12,168772.19109429495,101435.5785837844,235553.6056600126,total_spend
2019-07-13,215804.68485146583,150674.03447395418,280471.04635627335,total_spend
2019-07-14,255484.78955306654,189137.6942242289,326591.25461506256,total_spend
2019-07-15,265094.8014727793,193143.40256358424,329473.97628116247,total_spend
2019-07-16,176036.74119749022,108587.38552394582,246859.84182037663,total_spend
2019-07-17,150156.53818376348,79498.82944535089,214761.99333548924,total_spend
2019-07-18,167012.95122576898,102626.28305890906,228136.40207847374,total_spend
2019-07-19,169404.7924131461,100615.50390047512,235386.9872380933,total_spend
2019-07-20,215597.69204250837,146190.97101722917,283123.00568793627,total_spend
2019-07-21,254454.47143419491,188340.5577254536,320866.16210734384,total_spend
2019-07-22,263281.97885791084,194135.39488857499,331701.75126251637,total_spend
2019-07-23,173505.64462665824,106528.59061907983,244900.1613094489,total_spend
2019-07-24,146992.97872955148,79176.04728671742,209723.85103199084,total_spend
2019-07-25,163321.84908968635,99637.34867050125,236875.20287399774,total_spend
2019-07-26,165307.12649092334,94455.2145421629,232101.42677151036,total_spend
2019-07-27,211226.95075113382,144621.86702519818,274633.2704688847,total_spend
2019-07-28,249952.69974172802,185354.10756544545,314896.829964068,total_spend
2019-07-29,258795.52920629538,192047.74300739035,325599.97942943923,total_spend
2019-07-30,169180.74889220108,104717.35512213204,234589.86245547273,total_spend
2019-07-31,142971.2648247007,74088.41744020818,208446.23565165745,total_spend
2019-08-01,159735.92884280405,92987.32000291333,227578.42504329665,total_spend
2019-08-02,162276.38098438628,96840.3244218394,231315.90507929423,total_spend
2019-08-03,208853.63511301528,142937.6514456492,272867.7786938889,total_spend
2019-08-04,248318.4821493961,184089.2483866531,313902.7707005696,total_spend
2019-08-05,257958.56773080537,190505.4309176865,322345.8313527909,total_spend
2019-08-06,169173.39606847838,100385.75413125356,234003.74257456174,total_spend
2019-08-07,143798.47321921706,80736.99263867014,209751.8909093953,total_spend
2019-08-08,161374.41204872626,97129.76103587361,227859.8342805896,total_spend
2019-08-09,164674.5638864032,100902.29343538081,231839.77499324147,total_spend
2019-08-10,211932.4054797731,136002.79792839996,279552.20586645394,total_spend
2019-08-11,251972.73325050372,181893.31825704512,320946.0020494004,total_spend
2019-08-12,262059.49934888358,195484.51380933094,330496.31330093223,total_spend
2019-08-13,173571.51959412673,100183.251527471,239388.14799785422,total_spend
2019-08-14,148327.24631940882,84065.81052082725,215231.5390988067,total_spend
2019-08-15,165854.4096138749,97764.11823427946,234212.47894694857,total_spend
2019-08-16,168918.0762339845,103058.07668142987,235419.7949878635,total_spend
2019-08-17,215748.34150280795,146994.5073389367,281880.07420141896,total_spend
2019-08-18,255171.69641334185,184343.14668213757,324449.38909511006,total_spend
2019-08-19,264458.89823722484,201605.83940926834,335727.5156185131,total_spend
2019-08-20,175000.5724021674,106724.7119960519,239064.38009920987,total_spend
2019-08-21,148631.74008729475,81434.68697515695,218327.92449724991,total_spend
2019-08-22,164901.08086385197,99852.37198431764,231709.32853896613,total_spend
2019-08-23,166598.4886801929,98527.72233578477,234991.33362988086,total_spend
2019-08-24,211982.14959847066,145638.2743538109,283549.0234233235,total_spend
2019-08-25,249909.19964447495,181878.37470330438,317581.75126951217,total_spend
2019-08-26,257682.81008469238,192022.4448597098,327225.37780669355,total_spend
2019-08-27,166726.94920185796,98219.35068252834,230878.8882956667,total_spend
2019-08-28,138910.03805845624,74911.96497953535,208896.8332415834,total_spend
2019-08-29,153813.33368678304,84380.7668581378,214592.0431172152,total_spend
2019-08-30,154257.62253967792,87738.60761733806,222818.82588859208,total_spend
2019-08-31,198529.47675054878,128966.48158493219,261165.01474743008,total_spend
2019-09-01,235511.15495002584,165820.72527211343,301887.1922806037,total_spend
2019-09-02,242527.01636699412,182196.2228338759,311253.9179401067,total_spend
2019-09-03,151017.7166417664,77788.74151446905,217556.07402317706,total_spend
2019-09-04,122863.41923157501,52850.02314116171,192314.17481253587,total_spend
2019-09-05,137651.86890769287,72059.71864144453,205052.14873069426,total_spend
2019-09-06,138204.91945489688,69012.67747011955,202246.96975645892,total_spend
2019-09-07,182804.77344294783,116474.43622797455,249502.09763326592,total_spend
2019-09-08,220324.01667055456,157487.02117131776,282789.7071728005,total_spend
2019-09-09,228072.3128664418,163684.92235524266,294191.3684211868,total_spend
2019-09-10,137471.0194738285,66618.01355144907,203173.91042698652,total_spend
2019-09-11,110376.94683011851,40857.576722330574,177505.16428706603,total_spend
2019-09-12,126351.0919189464,62824.65104533197,195545.92978819352,total_spend
2019-09-13,128185.92014429718,58013.43210944362,188451.13271624464,total_spend
2019-09-14,174132.43152482703,108642.69965345993,241672.77868454467,total_spend
2019-09-15,213031.0702206834,140342.32639849532,285379.3101033707,total_spend
2019-09-16,222159.31773954336,155604.104520647,285889.2265751553,total_spend
2019-09-17,132907.20464969604,67287.19538155048,201032.1286332781,total_spend
2019-09-18,107101.93689680539,40630.42890596133,175274.14698793643,total_spend
2019-09-19,124277.44258393534,58220.2083212606,191750.1311296856,total_spend
2019-09-20,127202.38864572681,63190.55696296009,193876.85909317178,total_spend
2019-09-21,174107.8820093629,107621.7212334743,248359.63892413268,total_spend
2019-09-22,213818.8951651813,146515.90210056014,279716.9192696855,total_spend
2019-09-23,223602.24090939507,157134.56816087067,287807.69177589065,total_spend
2019-09-24,134842.319336425,67022.46925935883,206081.8559172019,total_spend
2019-09-25,109365.8258488966,41345.50522081445,173973.4730191827,total_spend
2019-09-26,126711.22304527815,64705.43510830577,192365.25746015643,total_spend
2019-09-27,129656.52772301104,63089.6235294353,197837.91281698112,total_spend
2019-09-28,176446.63400199014,107895.60091489795,239380.82798664153,total_spend
2019-09-29,215924.22341595351,152035.5724499138,280780.37994294864,total_spend
2019-09-30,225377.10190418232,162941.6322347411,292975.0034394587,total_spend
2019-10-01,136213.205782856,66196.99636013908,204068.31972504169,total_spend
2019-10-02,110284.48777967751,43041.059560807524,176241.71023390448,total_spend
2019-10-03,127155.51098488652,53006.88089339162,190561.2492470473,total_spend
2019-10-04,129630.32902981184,63237.28304362582,193977.44235345203,total_spend
2019-10-05,175978.90151245226,105519.281282869,240439.490899861,total_spend
2019-10-06,215067.12426558998,147561.96309832286,281804.92643464246,total_spend
2019-10-07,224203.34241447464,157088.47702092043,295455.94650205626,total_spend
2019-10-08,134812.61511588795,70709.09154191105,200285.33506572252,total_spend
2019-10-09,108759.96773177799,44422.21859827957,176819.3411348072,total_spend
2019-10-10,125618.48108270725,57443.73682735838,191144.9976692546,total_spend
2019-10-11,128195.81419594729,59912.27314870317,195227.14061384753,total_spend
2019-10-12,174760.42375073125,110015.7281602502,239358.21366469204,total_spend
2019-10-13,214171.5689738162,144182.82654272477,280406.9587019029,total_spend
2019-10-14,223725.9743294748,159307.82468604288,295494.5855996732,total_spend
2019-10-15,134832.41794187183,71268.98446206257,202125.87192126384,total_spend
2019-10-16,109335.47525366819,42729.99361934333,177938.83204699823,total_spend
2019-10-17,126784.25608893053,56469.83297105967,195758.46477067258,total_spend
2019-10-18,129959.7150716455,61188.13864466357,198627.4800792481,total_spend
2019-10-19,177101.7775314137,106984.92409872744,239743.59336779668,total_spend
2019-10-20,217040.34450629965,152539.36530279898,283258.9173758199,total_spend
2019-10-21,227043.02060311812,156627.25735065207,295114.4778388994,total_spend
2019-10-22,138490.80144760117,70372.2452978565,208148.8705360922,total_spend
2019-10-23,113202.91715677503,47796.27025018808,179938.33198513387,total_spend
2019-10-24,130706.63608072241,61370.13646667999,199864.62120466543,total_spend
2019-10-25,133765.5749049054,67446.08166259194,202568.69165377336,total_spend
2019-10-26,180607.7244298739,106571.55225299274,243610.48914702627,total_spend
2019-10-27,220057.2238428307,158494.96290715912,282072.5988663017,total_spend
2019-10-28,229382.6994055083,158146.3180856755,295405.158733375,total_spend
2019-10-29,139973.38021354895,75423.44394563022,206771.40140567083,total_spend
2019-10-30,113664.16802481985,43574.65089125135,177278.82421542058,total_spend
2019-10-31,130005.4511547831,59466.20250734455,200572.06552392876,total_spend
2019-11-01,131791.2000556811,57697.64932311734,200578.2356219002,total_spend
2019-11-02,177286.55155620852,111651.61301121634,244211.62825603868,total_spend
2019-11-03,215358.91857191216,149577.02627213625,281502.52973473945,total_spend
2019-11-04,223325.45158846574,160772.33056331798,288216.41487115924,total_spend
2019-11-05,132628.08119159655,67288.75605295847,202996.71337633554,total_spend
2019-11-06,105157.34118921259,36454.00974952526,170551.1838300772,total_spend
2019-11-07,120520.79033928002,54641.95360080758,185528.0877998745,total_spend
2019-11-08,121569.6030791062,51146.5546373873,189634.24586519468,total_spend
2019-11-09,166624.5731090044,99004.52111404123,236171.86740626316,total_spend
2019-11-10,204605.60659013223,140094.12309391244,269596.87163353735,total_spend
2019-11-11,212877.57334709028,141805.76181733407,281024.884293638,total_spend
2019-11-12,122923.7884720189,57213.125622762906,189875.66370163212,total_spend
2019-11-13,96668.36690300125,33027.93983294451,163874.14516977954,total_spend
2019-11-14,113743.31076072209,44441.434580524954,173510.47717768836,total_spend
2019-11-15,117013.93928401558,42827.188677215374,181298.84591232272,total_spend
2019-11-16,164803.94112131879,98760.88998701784,231398.705364108,total_spend
2019-11-17,206024.1572176236,135580.97515037784,268925.5257955644,total_spend
2019-11-18,218017.9887367693,152901.21694327967,289090.88642208953,total_spend
2019-11-19,132234.7222837855,65140.824217690795,196352.44929030494,total_spend
2019-11-20,110552.0280333251,44499.42827262845,176014.0481633776,total_spend
2019-11-21,132543.496286893,68382.11564997966,201104.23926937522,total_spend
2019-11-22,141004.8204386171,76118.88800161988,206566.58638285377,total_spend
2019-11-23,194179.88917164516,127207.54750924383,263433.47500636056,total_spend
2019-11-24,240890.91602131078,172767.4319612185,306016.48172554636,total_spend
2019-11-25,258385.4023058003,190028.11795715013,320784.6815077132,total_spend
2019-11-26,178011.26854057267,108131.34755813278,244217.92782027766,total_spend
2019-11-27,161541.3356265619,93025.14391692691,227898.5932120859,total_spend
2019-11-28,188442.98614986023,119660.89184161386,257079.91511162365,total_spend
2019-11-29,201406.5669120187,139341.09571148764,268501.95259025606,total_spend
2019-11-30,258573.7528535559,187085.8565246717,327546.3094915476,total_spend
2019-12-01,308669.9114455624,243089.53101482414,375791.4594252234,total_spend
2019-12-02,328853.2848263439,264128.6166295641,394552.96833190974,total_spend
2019-12-03,250392.19856371885,182051.38244342763,316007.48750458536,total_spend
2019-12-04,234991.4650240281,167923.66516839495,303760.1201066101,total_spend
2019-12-05,262063.75708725292,192047.06459584465,330227.1243025843,total_spend
2019-12-06,274259.4704447095,208745.25916896618,342510.5341328412,total_spend
2019-12-07,329696.2571827012,263278.8547417041,396749.3162653233,total_spend
2019-12-08,377092.2386516251,311986.86641075456,437416.12253421836,total_spend
2019-12-09,393615.69102564023,320496.90671545966,458536.306421728,total_spend
2019-12-10,310562.39642196253,246540.9446903119,376687.697316537,total_spend
2019-12-11,289681.81979389815,221041.983848203,358510.36507064285,total_spend
2019-12-12,310447.8882654159,244887.3985414857,380216.2574868967,total_spend
2019-12-13,315587.9004787554,245913.5685515571,383493.80075640656,total_spend
2019-12-14,363310.7665544584,289795.4969060805,430179.50713081675,total_spend
2019-12-15,402438.61254580563,335571.2850854932,467036.3215716245,total_spend
2019-12-16,410254.576149396,337068.2560521848,477282.73425297334,total_spend
2019-12-17,318178.0265779857,245706.082565746,387276.6723342019,total_spend
2019-12-18,288088.4146740921,221687.54415727704,350906.44372344634,total_spend
2019-12-19,299593.58033705095,235899.54935288118,364858.3899534523,total_spend
2019-12-20,295556.0989277683,231454.65407339513,356614.58550781006,total_spend
2019-12-21,334318.92341386847,268718.14570561814,399988.6796659079,total_spend
2019-12-22,364834.4132415862,298684.6630990629,433008.03689868905,total_spend
2019-12-23,364509.63330677396,297981.823207398,430394.2961970268,total_spend
2019-12-24,264879.21073306305,194295.77095557872,334857.12929981883,total_spend
2019-12-25,227927.00720699003,165261.25824545775,292771.44005747174,total_spend
2019-12-26,233352.4812840025,167562.30379531445,301833.26362208725,total_spend
2019-12-27,224095.36421344828,153772.32037510135,283106.09474225395,total_spend
2019-12-28,258559.94149458606,190726.24592593155,326205.460845578,total_spend
2019-12-29,285743.0594285066,217183.69032518056,347454.34081150487,total_spend
2019-12-30,283078.7602470808,215871.2069405111,349585.798130615,total_spend
2019-12-31,182110.84566589363,115770.13778050193,243655.05084243673,total_spend
2020-01-01,144814.63000342873,79367.99788395072,210562.15336252487,total_spend
2020-01-02,150863.75214950956,78725.51954268721,221245.3651658575,total_spend
2020-01-03,143155.65639220638,77378.50037335741,213555.48867897774,total_spend
2020-01-04,180037.01275162917,112199.38394790285,245246.99407651759,total_spend
2020-01-05,210433.16700528533,145466.04967254045,270969.30168691406,total_spend
2020-01-06,211694.4883951414,146717.40337209456,278091.37814592506,total_spend
2020-01-07,115270.8732384624,48875.750549463264,185710.25673040104,total_spend
2020-01-08,83035.61939088385,11742.517986736344,144818.52193485116,total_spend
2020-01-09,94554.49100036883,28483.363610171375,160431.79369701067,total_spend
2020-01-10,92613.53132751779,25199.856005872167,158122.8315146081,total_spend
2020-01-11,135446.840968189,68451.98407603274,203971.920278869,total_spend
2020-01-12,171868.358508786,109361.57635279465,240162.87911480688,total_spend
2020-01-13,179120.45989681172,111523.29967233133,246856.13265972282,total_spend
2020-01-14,88550.58566313125,24453.648094669745,159968.7613460507,total_spend
2020-01-15,61937.06579978818,-3089.589119299294,134941.79911917436,total_spend
2020-01-16,78759.9209967114,14603.138544147658,140939.10752771082,total_spend
2020-01-17,81730.16350921364,16783.654177316203,149720.59556527768,total_spend
2020-01-18,129018.78652989403,61830.88014539905,193179.67073366896,total_spend
2020-01-19,169389.457802969,100105.67455620004,237416.89696987733,total_spend
2020-01-20,180047.7198578161,116862.0969964927,246159.72212787918,total_spend
2020-01-21,92317.89971529285,25917.8434220786,155243.37511780608,total_spend
2020-01-22,67968.89906073749,-2580.4516048821633,134278.12594524937,total_spend
2020-01-23,86484.65261641034,21754.423668894295,154016.64347047053,total_spend
2020-01-24,90592.79358298231,26732.53101210603,156189.2955197582,total_spend
2020-01-25,138492.73758290338,76153.35835509091,203676.25653449184,total_spend
2020-01-26,178987.22914560544,107991.31795380403,244156.74984505158,total_spend
2020-01-27,189330.18652165498,122521.93866057486,262602.4294540774,total_spend
2020-01-28,100902.08525632566,30973.316993651075,168721.70863955535,total_spend
2020-01-29,75534.09226118744,8692.022695562408,141462.47278008,total_spend
2020-01-30,92776.78095566329,20873.758087173203,158661.0037119066,total_spend
2020-01-31,95427.01018754984,24643.142198039663,161212.21174575636,total_spend
2020-02-01,141754.2221722158,75359.8569167163,212014.59292544832,total_spend
2020-02-02,180630.24600367047,118426.08603161076,250554.12248432686,total_spend
2020-02-03,189375.48304183775,125051.47358330115,256969.17730334052,total_spend
2020-02-04,99432.75187287005,34427.66916940273,164776.05811447732,total_spend
2020-02-05,72690.0379502035,5383.063508011493,139527.6379777082,total_spend
2020-02-06,88748.00715643716,17226.86533361397,154609.33161768486,total_spend
2020-02-07,90445.889422707,21083.5273836343,153355.51054246014,total_spend
2020-02-08,136087.0052908041,71344.87967770114,194640.7033638316,total_spend
2020-02-09,174568.03376692114,109732.68095385502,244515.28437557627,total_spend
2020-02-10,183224.90325562208,114754.2930023109,251351.03312732236,total_spend
2020-02-11,93506.58279315059,29644.984093185598,160635.14289820543,total_spend
2020-02-12,67298.01223723471,-1754.333529628876,133809.83579757946,total_spend
2020-02-13,84188.01863109882,18138.52934038161,147569.05174676975,total_spend
2020-02-14,86995.80771029051,21701.15127678776,153867.94483049007,total_spend
2020-02-15,133997.28173365642,62155.795917196236,200967.3368419201,total_spend
2020-02-16,174055.25639800867,108790.72177189655,240954.96769691663,total_spend
2020-02-17,184466.42992654047,124286.92846055707,253074.23772900124,total_spend
2020-02-18,96636.35051272911,28632.307597072362,162715.39837594377,total_spend
2020-02-19,72403.58837714446,7495.93807895744,137601.20157435528,total_spend
2020-02-20,91308.92654584507,18564.918478669275,156388.06979695187,total_spend
2020-02-21,96123.12656225878,24479.052202520015,162037.05511226063,total_spend
2020-02-22,145074.48860976944,81986.15883011118,215258.29143371433,total_spend
2020-02-23,186980.2489488872,119149.16711943946,252514.33939733682,total_spend
2020-02-24,199094.6404534648,132979.43059379444,269398.8407784711,total_spend
2020-02-25,112784.83831635265,46221.075019154916,183905.11393456554,total_spend
2020-02-26,89855.97663557273,23450.50646979801,160660.54494258345,total_spend
2020-02-27,109821.03363845793,40504.546689407056,177604.35205115596,total_spend
2020-02-28,115429.129652817,47518.989067209804,180752.43916035703,total_spend
2020-03-01,207022.83080245947,138018.09376099685,271009.7336566987,total_spend
2020-03-02,219069.84055028323,151492.7628521167,280565.03875699226,total_spend
2020-03-03,132406.5757638843,70753.07477042987,200014.41513753694,total_spend
2020-03-04,108849.37551176814,41842.83017788752,176278.75262976394,total_spend
2020-03-05,127928.26009394023,57393.61112145128,195041.64720412402,total_spend
2020-03-06,132414.656182033,62507.823716478095,201472.26923725204,total_spend
2020-03-07,180548.63890187177,115723.66866607699,249893.9988184153,total_spend
2020-03-08,221169.75159083877,158432.7975451838,287147.06431009655,total_spend
2020-03-09,231564.2526148751,162043.9506457395,298900.98912901356,total_spend
2020-03-10,143140.03995104425,81112.6850090522,208085.8236800128,total_spend
2020-03-11,117750.47196384317,51826.43945472043,187175.16821820135,total_spend
2020-03-12,134962.917927314,72269.46370751444,199227.4317083911,total_spend
2020-03-13,137585.62028074882,69132.12388013436,201975.43898633894,total_spend
2020-03-14,183894.1194022882,110546.50479062996,248031.73121456968,total_spend
2020-03-15,222761.31965006207,159045.37933978625,291999.38577883266,total_spend
2020-03-16,231504.06174122175,160113.76555148797,296290.7609506191,total_spend
2020-03-17,141557.46515983576,71019.6215008667,211394.92271618656,total_spend
2020-03-18,114798.26914019597,45711.89452098164,185049.56486975838,total_spend
2020-03-19,130813.01288302577,63239.94987798468,201499.29850562644,total_spend
2020-03-20,132424.64104592026,67747.78738810643,201007.0807898658,total_spend
2020-03-21,177918.78633453816,110903.1194028718,243233.89933148783,total_spend
2020-03-22,216173.8060953368,151256.6788131523,279342.0468601062,total_spend
2020-03-23,224507.43343068607,152949.0950597118,291280.09703709936,total_spend
2020-03-24,134351.29953020078,64123.55933304885,201085.7373267262,total_spend
2020-03-25,107574.54662738711,40450.14773120931,173513.9685371855,total_spend
2020-03-26,123752.36131034326,54951.82093975031,195394.07829942874,total_spend
2020-03-27,125693.00188060227,57471.315159199665,184492.1009198687,total_spend
2020-03-28,171664.55822711185,101625.40244607985,240304.2860374097,total_spend
2020-03-29,210525.5071296203,146068.27308506443,283771.92424782197,total_spend
2020-03-30,219571.90931249768,156773.91169549024,290613.12306793535,total_spend
2020-03-31,130212.490892317,66334.51941451363,194715.25414874463,total_spend
2020-04-01,104292.81508528409,36761.99866875181,172003.50519353515,total_spend
2020-04-02,121364.36118980535,53989.0232455562,190808.0129054715,total_spend
2020-04-03,124212.07290845533,55369.8139477783,190062.43788488736,total_spend
2020-04-04,171081.60418246745,106342.35323403485,242093.5667704605,total_spend
2020-04-05,210810.31664766144,147041.6392675655,283668.14924613317,total_spend
2020-04-06,220674.8678416372,154871.2482807518,285066.86196431454,total_spend
2020-04-07,132066.62730662362,71675.25581623426,199154.93760013522,total_spend
2020-04-08,106816.1226455708,40057.76991289913,171519.3981027902,total_spend
2020-04-09,124462.3304058016,58468.79164027065,188410.87790164925,total_spend
2020-04-10,127780.37330038044,58799.73958973145,191872.27671082478,total_spend
2020-04-11,175008.8528506814,106405.8294326737,242193.16549006847,total_spend
2020-04-12,214980.87379280818,143637.28524445716,285136.44447227305,total_spend
2020-04-13,224971.60275007103,159458.85689791464,297223.87062162405,total_spend
2020-04-14,136373.60264361562,67839.11688660122,204617.18700808016,total_spend
2020-04-15,111021.14997154757,43703.78597746594,181277.50363920527,total_spend
2020-04-16,128459.35545081348,62223.433663981785,194109.33814564996,total_spend
2020-04-17,131471.65549489725,69730.74643177402,199784.93789436636,total_spend
2020-04-18,178306.90972956232,111208.05088218325,249402.25789131792,total_spend
2020-04-19,217810.1669922411,146218.23822371007,285296.60774400306,total_spend
2020-04-20,227269.94825699012,158104.72780224602,296867.5051856798,total_spend
2020-04-21,138093.29360070478,68983.60864613656,202577.14811290955,total_spend
2020-04-22,112129.78559874142,44922.49403676965,180471.3513955506,total_spend
2020-04-23,128940.37444859244,63046.73755723416,197272.06225873265,total_spend
2020-04-24,131324.57658470568,72832.98262703368,195036.84620121468,total_spend
2020-04-25,177547.28577949287,109275.00608877519,243947.12254643725,total_spend
2020-04-26,216469.2624521156,148526.7757756039,282491.98671335645,total_spend
2020-04-27,225394.15243369702,159389.9095858268,289301.6655111496,total_spend
2020-04-28,135743.28468520177,73241.74424727658,201310.47760793052,total_spend
2020-04-29,109379.46237522429,45116.63359446244,176185.60472109125,total_spend
2020-04-30,125875.57433038438,60429.70972525158,193147.42930472188,total_spend
2020-05-01,128041.60012271572,61793.07185901083,194171.55058363223,total_spend
2020-05-02,174151.2491254145,105349.58165042239,243737.2824270962,total_spend
2020-05-03,213072.3005044302,146533.25100955318,281490.05577546975,total_spend
2020-05-04,222113.49659669196,154789.55947735367,286245.3322139711,total_spend
2020-05-05,132699.24037247043,67739.37248485634,199051.44357187056,total_spend
2020-05-06,106693.31259417723,40189.49818791872,170518.87912027244,total_spend
2020-05-07,123667.4369153118,55988.94900281325,195311.68597370808,total_spend
2020-05-08,126428.2674051798,61102.08512189543,194004.340323062,total_spend
2020-05-09,173244.04001109258,109133.22220981731,237304.6747574925,total_spend
2020-05-10,212974.95601284175,143863.86200243907,280775.1108685839,total_spend
2020-05-11,222920.15083747508,153829.050762752,286542.44910600985,total_spend
2020-05-12,134492.49960097516,69529.04779060507,201005.0841574118,total_spend
2020-05-13,109542.47531656115,44708.96294080129,176234.47161269723,total_spend
2020-05-14,127626.88790422153,58375.80159259106,197813.94370976897,total_spend
2020-05-15,131536.07785109218,61946.51035420373,195626.12712085896,total_spend
2020-05-16,179520.80477678627,111309.74030595417,249576.61156317196,total_spend
2020-05-17,220422.89701292204,151666.02306049754,284721.24910640385,total_spend
2020-05-18,231522.5128652997,160648.35883687413,294338.71190103324,total_spend
2020-05-19,144213.26143468125,75172.9128960949,207290.45336518114,total_spend
2020-05-20,120326.39464822698,53463.56371537764,182182.7814083038,total_spend
2020-05-21,139399.89354915486,72319.01149843985,207628.59840933024,total_spend
2020-05-22,144206.0168786561,77862.06344561205,212533.75796499473,total_spend
2020-05-23,192978.5457107174,124704.67431089513,259107.038357492,total_spend
2020-05-24,234543.7831987911,167991.46090720198,302631.66362166114,total_spend
2020-05-25,246168.15263558793,177177.68225765892,313840.09359434876,total_spend
2020-05-26,159233.63396678373,90582.22106184674,222407.96143690925,total_spend
2020-05-27,135562.2426157213,69200.62403034164,203205.1160560341,total_spend
2020-05-28,154685.3659968816,90376.57442140787,222453.7398220894,total_spend
2020-05-29,159371.51844411046,87204.95031753946,231144.22635948344,total_spend
2020-05-30,207853.7415813061,138248.10108035532,272955.9099960181,total_spend
2020-05-31,248960.70326751942,183858.79773879476,314674.6273317289,total_spend
2020-06-01,259964.3334101049,191782.87673577602,322267.4604426193,total_spend
2020-06-02,172255.2330983661,104515.692969464,240914.00075735265,total_spend
2020-06-03,147667.05862260525,82820.03325411971,213027.14995780675,total_spend
2020-06-04,165745.6950095448,98879.31887131624,230346.3232627863,total_spend
2020-06-05,169276.78070357832,102940.80055946647,234919.90213801892,total_spend
2020-06-06,216512.8130442019,146472.57544740444,282946.7305453556,total_spend
2020-06-07,256303.89203846647,184266.3715518089,326855.1171820179,total_spend
2020-06-08,265944.9467976678,201373.96616607753,324924.2920005344,total_spend
2020-06-09,176850.688801103,112006.8127024993,244554.55815059625,total_spend
2020-06-10,150879.5027608231,88313.96415485255,216041.69206916686,total_spend
2020-06-11,167602.10025623048,102564.95819003713,235339.7428912244,total_spend
2020-06-12,169828.50938759156,106790.32443935137,234329.66928459614,total_spend
2020-06-13,215834.6425599563,148040.41911682015,279379.6276181519,total_spend
2020-06-14,254492.51287092466,184913.2253247075,320458.4262649992,total_spend
2020-06-15,263116.95664665033,193996.06508255927,329595.36344849033,total_spend
2020-06-16,173140.1192998665,109936.65424808404,238130.2907723633,total_spend
2020-06-17,146434.9277925028,82064.18984313653,216231.683379618,total_spend
2020-06-18,162583.38649652898,96019.14739884657,232536.92767887967,total_spend
2020-06-19,164403.28012021614,96911.77112219209,230558.7680406887,total_spend
2020-06-20,210174.5346824166,142538.71066871638,275957.5611091095,total_spend
2020-06-21,248769.31405381393,182522.95849499892,313184.70749306056,total_spend
2020-06-22,257498.71456793539,185218.18827749093,318718.20678119664,total_spend
2020-06-23,167787.31756969218,96257.8274293696,233272.3738776483,total_spend
2020-06-24,141496.8234439119,72910.92218780315,211699.80542604194,total_spend
2020-06-25,158194.6016986919,86030.07391020522,220338.04528609393,total_spend
2020-06-26,160680.7360409463,87829.82713933589,229839.57872109525,total_spend
2020-06-27,207214.80826215708,142963.95089142938,273139.48045971995,total_spend
2020-06-28,246646.48898092273,183614.69059529545,313119.8686529526,total_spend
2020-06-29,256262.7861663099,180813.5214645284,317367.430656436,total_spend
2020-06-30,167463.19789219316,99832.18988524054,231862.99380203968,total_spend
2020-07-01,142083.9779304079,73885.21006047637,206410.5674127196,total_spend
2020-07-02,159667.3326832909,88634.71010759455,224376.2559186043,total_spend
2020-07-03,162989.11159283915,96385.35065122682,232724.53623952044,total_spend
2020-07-04,210286.2177674547,143354.16460927672,276461.25726539915,total_spend
2020-07-05,250387.78997942037,181468.35868738024,318785.8066772575,total_spend
2020-07-06,260562.99072283416,189034.18916120916,330280.0036872229,total_spend
2020-07-07,172196.6316612652,106913.1880098078,234192.6073563496,total_spend
2020-07-08,147113.83151655822,79847.4400510269,214345.48941800045,total_spend
2020-07-09,164849.51329371653,101855.11155141033,231630.3743975221,total_spend
2020-07-10,168176.29371081712,103325.83160293422,236268.71716162778,total_spend
2020-07-11,215331.98491204611,147802.8376758568,283399.5313250838,total_spend
2020-07-12,255150.75581971835,190546.78009409373,320664.03405918437,total_spend
2020-07-13,264910.7870203257,201378.29836940693,332419.1370789525,total_spend
2020-07-14,176009.65280626275,109989.39790546003,244785.91982104676,total_spend
2020-07-15,150288.63078745722,83264.29276849747,216236.99686575058,total_spend
2020-07-16,167301.75430547167,98614.46598399563,234696.9891826809,total_spend
2020-07-17,169843.17164630358,99610.06463159925,236032.86652465584,total_spend
2020-07-18,216174.0457807183,152621.91151222526,280959.44886249444,total_spend
2020-07-19,255153.05781759566,186754.03005317657,318749.7599057201,total_spend
2020-07-20,264083.3656706944,195610.20308564694,328147.95313548227,total_spend
2020-07-21,174387.27047226037,104463.99176743826,242740.06162084788,total_spend
